"Vehicle Type","Category","Brand","Model","Perfect Title","Optimized Description","Target URL Slug"
"4W","Seat Covers"," Citroen","C3","Premium  Citroen C3 Seat Covers | Custom Fit Luxury | Autoform India","Transform your  Citroen C3 interior with Autoform's premium custom-fit seat covers. Engineered for comfort, durability, and a flawless luxury fit.","citroen-c3-seat-covers"
"4W","Seat Covers"," Citroen","C5","Premium  Citroen C5 Seat Covers | Custom Fit Luxury | Autoform India","Transform your  Citroen C5 interior with Autoform's premium custom-fit seat covers. Engineered for comfort, durability, and a flawless luxury fit.","citroen-c5-seat-covers"
"4W","Seat Covers"," Citroen","Citroen","Premium  Citroen Citroen Seat Covers | Custom Fit Luxury | Autoform India","Transform your  Citroen Citroen interior with Autoform's premium custom-fit seat covers. Engineered for comfort, durability, and a flawless luxury fit.","citroen-citroen-seat-covers"
"4W","Seat Covers","Audi ","Audi","Premium Audi  Audi Seat Covers | Custom Fit Luxury | Autoform India","Transform your Audi  Audi interior with Autoform's premium custom-fit seat covers. Engineered for comfort, durability, and a flawless luxury fit.","audi-audi-seat-covers"
"4W","Seat Covers","BMW ","BMW","Premium BMW  BMW Seat Covers | Custom Fit Luxury | Autoform India","Transform your BMW  BMW interior with Autoform's premium custom-fit seat covers. Engineered for comfort, durability, and a flawless luxury fit.","bmw-bmw-seat-covers"
"4W","Seat Covers","Chevrolet","AVEO","Premium Chevrolet AVEO Seat Covers | Custom Fit Luxury | Autoform India","Transform your Chevrolet AVEO interior with Autoform's premium custom-fit seat covers. Engineered for comfort, durability, and a flawless luxury fit.","chevrolet-aveo-seat-covers"
"4W","Seat Covers","Chevrolet","Beat","Premium Chevrolet Beat Seat Covers | Custom Fit Luxury | Autoform India","Transform your Chevrolet Beat interior with Autoform's premium custom-fit seat covers. Engineered for comfort, durability, and a flawless luxury fit.","chevrolet-beat-seat-covers"
"4W","Seat Covers","Chevrolet","Chevrolet","Premium Chevrolet Chevrolet Seat Covers | Custom Fit Luxury | Autoform India","Transform your Chevrolet Chevrolet interior with Autoform's premium custom-fit seat covers. Engineered for comfort, durability, and a flawless luxury fit.","chevrolet-chevrolet-seat-covers"
"4W","Seat Covers","Chevrolet","CRUZE","Premium Chevrolet CRUZE Seat Covers | Custom Fit Luxury | Autoform India","Transform your Chevrolet CRUZE interior with Autoform's premium custom-fit seat covers. Engineered for comfort, durability, and a flawless luxury fit.","chevrolet-cruze-seat-covers"
"4W","Seat Covers","Chevrolet","OPTRA","Premium Chevrolet OPTRA Seat Covers | Custom Fit Luxury | Autoform India","Transform your Chevrolet OPTRA interior with Autoform's premium custom-fit seat covers. Engineered for comfort, durability, and a flawless luxury fit.","chevrolet-optra-seat-covers"
"4W","Seat Covers","Chevrolet","SAIL","Premium Chevrolet SAIL Seat Covers | Custom Fit Luxury | Autoform India","Transform your Chevrolet SAIL interior with Autoform's premium custom-fit seat covers. Engineered for comfort, durability, and a flawless luxury fit.","chevrolet-sail-seat-covers"
"4W","Seat Covers","Chevrolet","SPARK","Premium Chevrolet SPARK Seat Covers | Custom Fit Luxury | Autoform India","Transform your Chevrolet SPARK interior with Autoform's premium custom-fit seat covers. Engineered for comfort, durability, and a flawless luxury fit.","chevrolet-spark-seat-covers"
"4W","Seat Covers","Datsun","Datsun","Premium Datsun Datsun Seat Covers | Custom Fit Luxury | Autoform India","Transform your Datsun Datsun interior with Autoform's premium custom-fit seat covers. Engineered for comfort, durability, and a flawless luxury fit.","datsun-datsun-seat-covers"
"4W","Seat Covers","Datsun","Go Plus","Premium Datsun Go Plus Seat Covers | Custom Fit Luxury | Autoform India","Transform your Datsun Go Plus interior with Autoform's premium custom-fit seat covers. Engineered for comfort, durability, and a flawless luxury fit.","datsun-go-plus-seat-covers"
"4W","Seat Covers","Datsun","Redi Go","Premium Datsun Redi Go Seat Covers | Custom Fit Luxury | Autoform India","Transform your Datsun Redi Go interior with Autoform's premium custom-fit seat covers. Engineered for comfort, durability, and a flawless luxury fit.","datsun-redi-go-seat-covers"
"4W","Seat Covers","Ford","Aspire","Premium Ford Aspire Seat Covers | Custom Fit Luxury | Autoform India","Transform your Ford Aspire interior with Autoform's premium custom-fit seat covers. Engineered for comfort, durability, and a flawless luxury fit.","ford-aspire-seat-covers"
"4W","Seat Covers","Ford","ECO SPORT","Premium Ford ECO SPORT Seat Covers | Custom Fit Luxury | Autoform India","Transform your Ford ECO SPORT interior with Autoform's premium custom-fit seat covers. Engineered for comfort, durability, and a flawless luxury fit.","ford-eco-sport-seat-covers"
"4W","Seat Covers","Ford","ENVEAVOUR","Premium Ford ENVEAVOUR Seat Covers | Custom Fit Luxury | Autoform India","Transform your Ford ENVEAVOUR interior with Autoform's premium custom-fit seat covers. Engineered for comfort, durability, and a flawless luxury fit.","ford-enveavour-seat-covers"
"4W","Seat Covers","Ford","FIESTA","Premium Ford FIESTA Seat Covers | Custom Fit Luxury | Autoform India","Transform your Ford FIESTA interior with Autoform's premium custom-fit seat covers. Engineered for comfort, durability, and a flawless luxury fit.","ford-fiesta-seat-covers"
"4W","Seat Covers","Ford","FIGO","Premium Ford FIGO Seat Covers | Custom Fit Luxury | Autoform India","Transform your Ford FIGO interior with Autoform's premium custom-fit seat covers. Engineered for comfort, durability, and a flawless luxury fit.","ford-figo-seat-covers"
"4W","Seat Covers","Ford","FIGO 12","Premium Ford FIGO 12 Seat Covers | Custom Fit Luxury | Autoform India","Transform your Ford FIGO 12 interior with Autoform's premium custom-fit seat covers. Engineered for comfort, durability, and a flawless luxury fit.","ford-figo-12-seat-covers"
"4W","Seat Covers","Ford","FIGO 15","Premium Ford FIGO 15 Seat Covers | Custom Fit Luxury | Autoform India","Transform your Ford FIGO 15 interior with Autoform's premium custom-fit seat covers. Engineered for comfort, durability, and a flawless luxury fit.","ford-figo-15-seat-covers"
"4W","Seat Covers","Ford","Ford","Premium Ford Ford Seat Covers | Custom Fit Luxury | Autoform India","Transform your Ford Ford interior with Autoform's premium custom-fit seat covers. Engineered for comfort, durability, and a flawless luxury fit.","ford-ford-seat-covers"
"4W","Seat Covers","Ford","FREESTYLE","Premium Ford FREESTYLE Seat Covers | Custom Fit Luxury | Autoform India","Transform your Ford FREESTYLE interior with Autoform's premium custom-fit seat covers. Engineered for comfort, durability, and a flawless luxury fit.","ford-freestyle-seat-covers"
"4W","Seat Covers","Ford","O FIGO","Premium Ford O FIGO Seat Covers | Custom Fit Luxury | Autoform India","Transform your Ford O FIGO interior with Autoform's premium custom-fit seat covers. Engineered for comfort, durability, and a flawless luxury fit.","ford-o-figo-seat-covers"
"4W","Seat Covers","HONDA","Accord","Premium HONDA Accord Seat Covers | Custom Fit Luxury | Autoform India","Transform your HONDA Accord interior with Autoform's premium custom-fit seat covers. Engineered for comfort, durability, and a flawless luxury fit.","honda-accord-seat-covers"
"4W","Seat Covers","HONDA","Amaze","Premium HONDA Amaze Seat Covers | Custom Fit Luxury | Autoform India","Transform your HONDA Amaze interior with Autoform's premium custom-fit seat covers. Engineered for comfort, durability, and a flawless luxury fit.","honda-amaze-seat-covers"
"4W","Seat Covers","HONDA","Brio","Premium HONDA Brio Seat Covers | Custom Fit Luxury | Autoform India","Transform your HONDA Brio interior with Autoform's premium custom-fit seat covers. Engineered for comfort, durability, and a flawless luxury fit.","honda-brio-seat-covers"
"4W","Seat Covers","HONDA","City","Premium HONDA City Seat Covers | Custom Fit Luxury | Autoform India","Transform your HONDA City interior with Autoform's premium custom-fit seat covers. Engineered for comfort, durability, and a flawless luxury fit.","honda-city-seat-covers"
"4W","Seat Covers","HONDA","CIVIC","Premium HONDA CIVIC Seat Covers | Custom Fit Luxury | Autoform India","Transform your HONDA CIVIC interior with Autoform's premium custom-fit seat covers. Engineered for comfort, durability, and a flawless luxury fit.","honda-civic-seat-covers"
"4W","Seat Covers","HONDA","CRV","Premium HONDA CRV Seat Covers | Custom Fit Luxury | Autoform India","Transform your HONDA CRV interior with Autoform's premium custom-fit seat covers. Engineered for comfort, durability, and a flawless luxury fit.","honda-crv-seat-covers"
"4W","Seat Covers","HONDA","Elevate","Premium HONDA Elevate Seat Covers | Custom Fit Luxury | Autoform India","Transform your HONDA Elevate interior with Autoform's premium custom-fit seat covers. Engineered for comfort, durability, and a flawless luxury fit.","honda-elevate-seat-covers"
"4W","Seat Covers","HONDA","HONDA","Premium HONDA HONDA Seat Covers | Custom Fit Luxury | Autoform India","Transform your HONDA HONDA interior with Autoform's premium custom-fit seat covers. Engineered for comfort, durability, and a flawless luxury fit.","honda-honda-seat-covers"
"4W","Seat Covers","HONDA","WRV","Premium HONDA WRV Seat Covers | Custom Fit Luxury | Autoform India","Transform your HONDA WRV interior with Autoform's premium custom-fit seat covers. Engineered for comfort, durability, and a flawless luxury fit.","honda-wrv-seat-covers"
"4W","Seat Covers","Hyundai","Alcazar","Premium Hyundai Alcazar Seat Covers | Custom Fit Luxury | Autoform India","Transform your Hyundai Alcazar interior with Autoform's premium custom-fit seat covers. Engineered for comfort, durability, and a flawless luxury fit.","hyundai-alcazar-seat-covers"
"4W","Seat Covers","Hyundai","Alcazar 6","Premium Hyundai Alcazar 6 Seat Covers | Custom Fit Luxury | Autoform India","Transform your Hyundai Alcazar 6 interior with Autoform's premium custom-fit seat covers. Engineered for comfort, durability, and a flawless luxury fit.","hyundai-alcazar-6-seat-covers"
"4W","Seat Covers","Hyundai","Aura","Premium Hyundai Aura Seat Covers | Custom Fit Luxury | Autoform India","Transform your Hyundai Aura interior with Autoform's premium custom-fit seat covers. Engineered for comfort, durability, and a flawless luxury fit.","hyundai-aura-seat-covers"
"4W","Seat Covers","Hyundai","Creta","Premium Hyundai Creta Seat Covers | Custom Fit Luxury | Autoform India","Transform your Hyundai Creta interior with Autoform's premium custom-fit seat covers. Engineered for comfort, durability, and a flawless luxury fit.","hyundai-creta-seat-covers"
"4W","Seat Covers","Hyundai","Elantra","Premium Hyundai Elantra Seat Covers | Custom Fit Luxury | Autoform India","Transform your Hyundai Elantra interior with Autoform's premium custom-fit seat covers. Engineered for comfort, durability, and a flawless luxury fit.","hyundai-elantra-seat-covers"
"4W","Seat Covers","Hyundai","EON","Premium Hyundai EON Seat Covers | Custom Fit Luxury | Autoform India","Transform your Hyundai EON interior with Autoform's premium custom-fit seat covers. Engineered for comfort, durability, and a flawless luxury fit.","hyundai-eon-seat-covers"
"4W","Seat Covers","Hyundai","EXTER","Premium Hyundai EXTER Seat Covers | Custom Fit Luxury | Autoform India","Transform your Hyundai EXTER interior with Autoform's premium custom-fit seat covers. Engineered for comfort, durability, and a flawless luxury fit.","hyundai-exter-seat-covers"
"4W","Seat Covers","Hyundai","Hyundai","Premium Hyundai Hyundai Seat Covers | Custom Fit Luxury | Autoform India","Transform your Hyundai Hyundai interior with Autoform's premium custom-fit seat covers. Engineered for comfort, durability, and a flawless luxury fit.","hyundai-hyundai-seat-covers"
"4W","Seat Covers","Hyundai","I-10 Grand","Premium Hyundai I-10 Grand Seat Covers | Custom Fit Luxury | Autoform India","Transform your Hyundai I-10 Grand interior with Autoform's premium custom-fit seat covers. Engineered for comfort, durability, and a flawless luxury fit.","hyundai-i-10-grand-seat-covers"
"4W","Seat Covers","Hyundai","i10 Nios","Premium Hyundai i10 Nios Seat Covers | Custom Fit Luxury | Autoform India","Transform your Hyundai i10 Nios interior with Autoform's premium custom-fit seat covers. Engineered for comfort, durability, and a flawless luxury fit.","hyundai-i10-nios-seat-covers"
"4W","Seat Covers","Hyundai","I20","Premium Hyundai I20 Seat Covers | Custom Fit Luxury | Autoform India","Transform your Hyundai I20 interior with Autoform's premium custom-fit seat covers. Engineered for comfort, durability, and a flawless luxury fit.","hyundai-i20-seat-covers"
"4W","Seat Covers","Hyundai","Ioniq","Premium Hyundai Ioniq Seat Covers | Custom Fit Luxury | Autoform India","Transform your Hyundai Ioniq interior with Autoform's premium custom-fit seat covers. Engineered for comfort, durability, and a flawless luxury fit.","hyundai-ioniq-seat-covers"
"4W","Seat Covers","Hyundai","Kona Electric","Premium Hyundai Kona Electric Seat Covers | Custom Fit Luxury | Autoform India","Transform your Hyundai Kona Electric interior with Autoform's premium custom-fit seat covers. Engineered for comfort, durability, and a flawless luxury fit.","hyundai-kona-electric-seat-covers"
"4W","Seat Covers","Hyundai","SANTA FE","Premium Hyundai SANTA FE Seat Covers | Custom Fit Luxury | Autoform India","Transform your Hyundai SANTA FE interior with Autoform's premium custom-fit seat covers. Engineered for comfort, durability, and a flawless luxury fit.","hyundai-santa-fe-seat-covers"
"4W","Seat Covers","Hyundai","Santro","Premium Hyundai Santro Seat Covers | Custom Fit Luxury | Autoform India","Transform your Hyundai Santro interior with Autoform's premium custom-fit seat covers. Engineered for comfort, durability, and a flawless luxury fit.","hyundai-santro-seat-covers"
"4W","Seat Covers","Hyundai","TUCSON","Premium Hyundai TUCSON Seat Covers | Custom Fit Luxury | Autoform India","Transform your Hyundai TUCSON interior with Autoform's premium custom-fit seat covers. Engineered for comfort, durability, and a flawless luxury fit.","hyundai-tucson-seat-covers"
"4W","Seat Covers","Hyundai","Venue","Premium Hyundai Venue Seat Covers | Custom Fit Luxury | Autoform India","Transform your Hyundai Venue interior with Autoform's premium custom-fit seat covers. Engineered for comfort, durability, and a flawless luxury fit.","hyundai-venue-seat-covers"
"4W","Seat Covers","Hyundai","VERNA","Premium Hyundai VERNA Seat Covers | Custom Fit Luxury | Autoform India","Transform your Hyundai VERNA interior with Autoform's premium custom-fit seat covers. Engineered for comfort, durability, and a flawless luxury fit.","hyundai-verna-seat-covers"
"4W","Seat Covers","ISUZU","DMAX-VCROSS","Premium ISUZU DMAX-VCROSS Seat Covers | Custom Fit Luxury | Autoform India","Transform your ISUZU DMAX-VCROSS interior with Autoform's premium custom-fit seat covers. Engineered for comfort, durability, and a flawless luxury fit.","isuzu-dmax-vcross-seat-covers"
"4W","Seat Covers","ISUZU","ISUZU","Premium ISUZU ISUZU Seat Covers | Custom Fit Luxury | Autoform India","Transform your ISUZU ISUZU interior with Autoform's premium custom-fit seat covers. Engineered for comfort, durability, and a flawless luxury fit.","isuzu-isuzu-seat-covers"
"4W","Seat Covers","Jeep","Compass","Premium Jeep Compass Seat Covers | Custom Fit Luxury | Autoform India","Transform your Jeep Compass interior with Autoform's premium custom-fit seat covers. Engineered for comfort, durability, and a flawless luxury fit.","jeep-compass-seat-covers"
"4W","Seat Covers","Jeep","Jeep","Premium Jeep Jeep Seat Covers | Custom Fit Luxury | Autoform India","Transform your Jeep Jeep interior with Autoform's premium custom-fit seat covers. Engineered for comfort, durability, and a flawless luxury fit.","jeep-jeep-seat-covers"
"4W","Seat Covers","KIA","KIA","Premium KIA KIA Seat Covers | Custom Fit Luxury | Autoform India","Transform your KIA KIA interior with Autoform's premium custom-fit seat covers. Engineered for comfort, durability, and a flawless luxury fit.","kia-kia-seat-covers"
"4W","Seat Covers","KIA","SELTOS","Premium KIA SELTOS Seat Covers | Custom Fit Luxury | Autoform India","Transform your KIA SELTOS interior with Autoform's premium custom-fit seat covers. Engineered for comfort, durability, and a flawless luxury fit.","kia-seltos-seat-covers"
"4W","Seat Covers","MG","Astor","Premium MG Astor Seat Covers | Custom Fit Luxury | Autoform India","Transform your MG Astor interior with Autoform's premium custom-fit seat covers. Engineered for comfort, durability, and a flawless luxury fit.","mg-astor-seat-covers"
"4W","Seat Covers","MG","COMET","Premium MG COMET Seat Covers | Custom Fit Luxury | Autoform India","Transform your MG COMET interior with Autoform's premium custom-fit seat covers. Engineered for comfort, durability, and a flawless luxury fit.","mg-comet-seat-covers"
"4W","Seat Covers","MG","Gloster","Premium MG Gloster Seat Covers | Custom Fit Luxury | Autoform India","Transform your MG Gloster interior with Autoform's premium custom-fit seat covers. Engineered for comfort, durability, and a flawless luxury fit.","mg-gloster-seat-covers"
"4W","Seat Covers","MG","Gloster1","Premium MG Gloster1 Seat Covers | Custom Fit Luxury | Autoform India","Transform your MG Gloster1 interior with Autoform's premium custom-fit seat covers. Engineered for comfort, durability, and a flawless luxury fit.","mg-gloster1-seat-covers"
"4W","Seat Covers","MG","HECTOR","Premium MG HECTOR Seat Covers | Custom Fit Luxury | Autoform India","Transform your MG HECTOR interior with Autoform's premium custom-fit seat covers. Engineered for comfort, durability, and a flawless luxury fit.","mg-hector-seat-covers"
"4W","Seat Covers","MG","MG","Premium MG MG Seat Covers | Custom Fit Luxury | Autoform India","Transform your MG MG interior with Autoform's premium custom-fit seat covers. Engineered for comfort, durability, and a flawless luxury fit.","mg-mg-seat-covers"
"4W","Seat Covers","MG","ZS EV","Premium MG ZS EV Seat Covers | Custom Fit Luxury | Autoform India","Transform your MG ZS EV interior with Autoform's premium custom-fit seat covers. Engineered for comfort, durability, and a flawless luxury fit.","mg-zs-ev-seat-covers"
"4W","Seat Covers","Mahindra","Alturas","Premium Mahindra Alturas Seat Covers | Custom Fit Luxury | Autoform India","Transform your Mahindra Alturas interior with Autoform's premium custom-fit seat covers. Engineered for comfort, durability, and a flawless luxury fit.","mahindra-alturas-seat-covers"
"4W","Seat Covers","Mahindra","Bolero","Premium Mahindra Bolero Seat Covers | Custom Fit Luxury | Autoform India","Transform your Mahindra Bolero interior with Autoform's premium custom-fit seat covers. Engineered for comfort, durability, and a flawless luxury fit.","mahindra-bolero-seat-covers"
"4W","Seat Covers","Mahindra","Bolero Neo","Premium Mahindra Bolero Neo Seat Covers | Custom Fit Luxury | Autoform India","Transform your Mahindra Bolero Neo interior with Autoform's premium custom-fit seat covers. Engineered for comfort, durability, and a flawless luxury fit.","mahindra-bolero-neo-seat-covers"
"4W","Seat Covers","Mahindra","Mahindra","Premium Mahindra Mahindra Seat Covers | Custom Fit Luxury | Autoform India","Transform your Mahindra Mahindra interior with Autoform's premium custom-fit seat covers. Engineered for comfort, durability, and a flawless luxury fit.","mahindra-mahindra-seat-covers"
"4W","Seat Covers","Mahindra","MARAZZO","Premium Mahindra MARAZZO Seat Covers | Custom Fit Luxury | Autoform India","Transform your Mahindra MARAZZO interior with Autoform's premium custom-fit seat covers. Engineered for comfort, durability, and a flawless luxury fit.","mahindra-marazzo-seat-covers"
"4W","Seat Covers","Mahindra","MARAZZO 8","Premium Mahindra MARAZZO 8 Seat Covers | Custom Fit Luxury | Autoform India","Transform your Mahindra MARAZZO 8 interior with Autoform's premium custom-fit seat covers. Engineered for comfort, durability, and a flawless luxury fit.","mahindra-marazzo-8-seat-covers"
"4W","Seat Covers","Mahindra","Rexton","Premium Mahindra Rexton Seat Covers | Custom Fit Luxury | Autoform India","Transform your Mahindra Rexton interior with Autoform's premium custom-fit seat covers. Engineered for comfort, durability, and a flawless luxury fit.","mahindra-rexton-seat-covers"
"4W","Seat Covers","Mahindra","Scorpio","Premium Mahindra Scorpio Seat Covers | Custom Fit Luxury | Autoform India","Transform your Mahindra Scorpio interior with Autoform's premium custom-fit seat covers. Engineered for comfort, durability, and a flawless luxury fit.","mahindra-scorpio-seat-covers"
"4W","Seat Covers","Mahindra","Scorpio N","Premium Mahindra Scorpio N Seat Covers | Custom Fit Luxury | Autoform India","Transform your Mahindra Scorpio N interior with Autoform's premium custom-fit seat covers. Engineered for comfort, durability, and a flawless luxury fit.","mahindra-scorpio-n-seat-covers"
"4W","Seat Covers","Mahindra","SCR 7 T1 21(S3)","Premium Mahindra SCR 7 T1 21(S3) Seat Covers | Custom Fit Luxury | Autoform India","Transform your Mahindra SCR 7 T1 21(S3) interior with Autoform's premium custom-fit seat covers. Engineered for comfort, durability, and a flawless luxury fit.","mahindra-scr-7-t1-21-s3-seat-covers"
"4W","Seat Covers","Mahindra","SCR 7 T1 21(S5)","Premium Mahindra SCR 7 T1 21(S5) Seat Covers | Custom Fit Luxury | Autoform India","Transform your Mahindra SCR 7 T1 21(S5) interior with Autoform's premium custom-fit seat covers. Engineered for comfort, durability, and a flawless luxury fit.","mahindra-scr-7-t1-21-s5-seat-covers"
"4W","Seat Covers","Mahindra","SCR 7 T3 REF 21","Premium Mahindra SCR 7 T3 REF 21 Seat Covers | Custom Fit Luxury | Autoform India","Transform your Mahindra SCR 7 T3 REF 21 interior with Autoform's premium custom-fit seat covers. Engineered for comfort, durability, and a flawless luxury fit.","mahindra-scr-7-t3-ref-21-seat-covers"
"4W","Seat Covers","Mahindra","Thar","Premium Mahindra Thar Seat Covers | Custom Fit Luxury | Autoform India","Transform your Mahindra Thar interior with Autoform's premium custom-fit seat covers. Engineered for comfort, durability, and a flawless luxury fit.","mahindra-thar-seat-covers"
"4W","Seat Covers","Mahindra","XUV 300","Premium Mahindra XUV 300 Seat Covers | Custom Fit Luxury | Autoform India","Transform your Mahindra XUV 300 interior with Autoform's premium custom-fit seat covers. Engineered for comfort, durability, and a flawless luxury fit.","mahindra-xuv-300-seat-covers"
"4W","Seat Covers","Mahindra","Xuv 400","Premium Mahindra Xuv 400 Seat Covers | Custom Fit Luxury | Autoform India","Transform your Mahindra Xuv 400 interior with Autoform's premium custom-fit seat covers. Engineered for comfort, durability, and a flawless luxury fit.","mahindra-xuv-400-seat-covers"
"4W","Seat Covers","Mahindra","XUV 500","Premium Mahindra XUV 500 Seat Covers | Custom Fit Luxury | Autoform India","Transform your Mahindra XUV 500 interior with Autoform's premium custom-fit seat covers. Engineered for comfort, durability, and a flawless luxury fit.","mahindra-xuv-500-seat-covers"
"4W","Seat Covers","Mahindra","XUV 700","Premium Mahindra XUV 700 Seat Covers | Custom Fit Luxury | Autoform India","Transform your Mahindra XUV 700 interior with Autoform's premium custom-fit seat covers. Engineered for comfort, durability, and a flawless luxury fit.","mahindra-xuv-700-seat-covers"
"4W","Seat Covers","Mahindra","XYLO","Premium Mahindra XYLO Seat Covers | Custom Fit Luxury | Autoform India","Transform your Mahindra XYLO interior with Autoform's premium custom-fit seat covers. Engineered for comfort, durability, and a flawless luxury fit.","mahindra-xylo-seat-covers"
"4W","Seat Covers","Mercedes-Benz","Mercedes-Benz","Premium Mercedes-Benz Mercedes-Benz Seat Covers | Custom Fit Luxury | Autoform India","Transform your Mercedes-Benz Mercedes-Benz interior with Autoform's premium custom-fit seat covers. Engineered for comfort, durability, and a flawless luxury fit.","mercedes-benz-mercedes-benz-seat-covers"
"4W","Seat Covers","Nissan","KICKS","Premium Nissan KICKS Seat Covers | Custom Fit Luxury | Autoform India","Transform your Nissan KICKS interior with Autoform's premium custom-fit seat covers. Engineered for comfort, durability, and a flawless luxury fit.","nissan-kicks-seat-covers"
"4W","Seat Covers","Nissan","MAGNITE","Premium Nissan MAGNITE Seat Covers | Custom Fit Luxury | Autoform India","Transform your Nissan MAGNITE interior with Autoform's premium custom-fit seat covers. Engineered for comfort, durability, and a flawless luxury fit.","nissan-magnite-seat-covers"
"4W","Seat Covers","Nissan","Micra","Premium Nissan Micra Seat Covers | Custom Fit Luxury | Autoform India","Transform your Nissan Micra interior with Autoform's premium custom-fit seat covers. Engineered for comfort, durability, and a flawless luxury fit.","nissan-micra-seat-covers"
"4W","Seat Covers","Nissan","Nissan","Premium Nissan Nissan Seat Covers | Custom Fit Luxury | Autoform India","Transform your Nissan Nissan interior with Autoform's premium custom-fit seat covers. Engineered for comfort, durability, and a flawless luxury fit.","nissan-nissan-seat-covers"
"4W","Seat Covers","Nissan","SUNNY","Premium Nissan SUNNY Seat Covers | Custom Fit Luxury | Autoform India","Transform your Nissan SUNNY interior with Autoform's premium custom-fit seat covers. Engineered for comfort, durability, and a flawless luxury fit.","nissan-sunny-seat-covers"
"4W","Seat Covers","Nissan","TERRANO","Premium Nissan TERRANO Seat Covers | Custom Fit Luxury | Autoform India","Transform your Nissan TERRANO interior with Autoform's premium custom-fit seat covers. Engineered for comfort, durability, and a flawless luxury fit.","nissan-terrano-seat-covers"
"4W","Seat Covers","Renault","CAPTUR","Premium Renault CAPTUR Seat Covers | Custom Fit Luxury | Autoform India","Transform your Renault CAPTUR interior with Autoform's premium custom-fit seat covers. Engineered for comfort, durability, and a flawless luxury fit.","renault-captur-seat-covers"
"4W","Seat Covers","Renault","CLIMBER","Premium Renault CLIMBER Seat Covers | Custom Fit Luxury | Autoform India","Transform your Renault CLIMBER interior with Autoform's premium custom-fit seat covers. Engineered for comfort, durability, and a flawless luxury fit.","renault-climber-seat-covers"
"4W","Seat Covers","Renault","DUSTER","Premium Renault DUSTER Seat Covers | Custom Fit Luxury | Autoform India","Transform your Renault DUSTER interior with Autoform's premium custom-fit seat covers. Engineered for comfort, durability, and a flawless luxury fit.","renault-duster-seat-covers"
"4W","Seat Covers","Renault","KIGER","Premium Renault KIGER Seat Covers | Custom Fit Luxury | Autoform India","Transform your Renault KIGER interior with Autoform's premium custom-fit seat covers. Engineered for comfort, durability, and a flawless luxury fit.","renault-kiger-seat-covers"
"4W","Seat Covers","Renault","KWID","Premium Renault KWID Seat Covers | Custom Fit Luxury | Autoform India","Transform your Renault KWID interior with Autoform's premium custom-fit seat covers. Engineered for comfort, durability, and a flawless luxury fit.","renault-kwid-seat-covers"
"4W","Seat Covers","Renault","Renault","Premium Renault Renault Seat Covers | Custom Fit Luxury | Autoform India","Transform your Renault Renault interior with Autoform's premium custom-fit seat covers. Engineered for comfort, durability, and a flawless luxury fit.","renault-renault-seat-covers"
"4W","Seat Covers","Renault","TRIBER","Premium Renault TRIBER Seat Covers | Custom Fit Luxury | Autoform India","Transform your Renault TRIBER interior with Autoform's premium custom-fit seat covers. Engineered for comfort, durability, and a flawless luxury fit.","renault-triber-seat-covers"
"4W","Seat Covers","Skoda","FABIA","Premium Skoda FABIA Seat Covers | Custom Fit Luxury | Autoform India","Transform your Skoda FABIA interior with Autoform's premium custom-fit seat covers. Engineered for comfort, durability, and a flawless luxury fit.","skoda-fabia-seat-covers"
"4W","Seat Covers","Skoda","KUSHAQ","Premium Skoda KUSHAQ Seat Covers | Custom Fit Luxury | Autoform India","Transform your Skoda KUSHAQ interior with Autoform's premium custom-fit seat covers. Engineered for comfort, durability, and a flawless luxury fit.","skoda-kushaq-seat-covers"
"4W","Seat Covers","Skoda","Laura","Premium Skoda Laura Seat Covers | Custom Fit Luxury | Autoform India","Transform your Skoda Laura interior with Autoform's premium custom-fit seat covers. Engineered for comfort, durability, and a flawless luxury fit.","skoda-laura-seat-covers"
"4W","Seat Covers","Skoda","Octavia","Premium Skoda Octavia Seat Covers | Custom Fit Luxury | Autoform India","Transform your Skoda Octavia interior with Autoform's premium custom-fit seat covers. Engineered for comfort, durability, and a flawless luxury fit.","skoda-octavia-seat-covers"
"4W","Seat Covers","Skoda","Rapid","Premium Skoda Rapid Seat Covers | Custom Fit Luxury | Autoform India","Transform your Skoda Rapid interior with Autoform's premium custom-fit seat covers. Engineered for comfort, durability, and a flawless luxury fit.","skoda-rapid-seat-covers"
"4W","Seat Covers","Skoda","Skoda","Premium Skoda Skoda Seat Covers | Custom Fit Luxury | Autoform India","Transform your Skoda Skoda interior with Autoform's premium custom-fit seat covers. Engineered for comfort, durability, and a flawless luxury fit.","skoda-skoda-seat-covers"
"4W","Seat Covers","Skoda","SLAVIA","Premium Skoda SLAVIA Seat Covers | Custom Fit Luxury | Autoform India","Transform your Skoda SLAVIA interior with Autoform's premium custom-fit seat covers. Engineered for comfort, durability, and a flawless luxury fit.","skoda-slavia-seat-covers"
"4W","Seat Covers","Skoda","SUPERB","Premium Skoda SUPERB Seat Covers | Custom Fit Luxury | Autoform India","Transform your Skoda SUPERB interior with Autoform's premium custom-fit seat covers. Engineered for comfort, durability, and a flawless luxury fit.","skoda-superb-seat-covers"
"4W","Seat Covers","TATA","Altroz","Premium TATA Altroz Seat Covers | Custom Fit Luxury | Autoform India","Transform your TATA Altroz interior with Autoform's premium custom-fit seat covers. Engineered for comfort, durability, and a flawless luxury fit.","tata-altroz-seat-covers"
"4W","Seat Covers","TATA","HARRIER","Premium TATA HARRIER Seat Covers | Custom Fit Luxury | Autoform India","Transform your TATA HARRIER interior with Autoform's premium custom-fit seat covers. Engineered for comfort, durability, and a flawless luxury fit.","tata-harrier-seat-covers"
"4W","Seat Covers","TATA","HEXA","Premium TATA HEXA Seat Covers | Custom Fit Luxury | Autoform India","Transform your TATA HEXA interior with Autoform's premium custom-fit seat covers. Engineered for comfort, durability, and a flawless luxury fit.","tata-hexa-seat-covers"
"4W","Seat Covers","TATA","NEXON","Premium TATA NEXON Seat Covers | Custom Fit Luxury | Autoform India","Transform your TATA NEXON interior with Autoform's premium custom-fit seat covers. Engineered for comfort, durability, and a flawless luxury fit.","tata-nexon-seat-covers"
"4W","Seat Covers","TATA","Nexon1","Premium TATA Nexon1 Seat Covers | Custom Fit Luxury | Autoform India","Transform your TATA Nexon1 interior with Autoform's premium custom-fit seat covers. Engineered for comfort, durability, and a flawless luxury fit.","tata-nexon1-seat-covers"
"4W","Seat Covers","TATA","PUNCH","Premium TATA PUNCH Seat Covers | Custom Fit Luxury | Autoform India","Transform your TATA PUNCH interior with Autoform's premium custom-fit seat covers. Engineered for comfort, durability, and a flawless luxury fit.","tata-punch-seat-covers"
"4W","Seat Covers","TATA","SAFARI","Premium TATA SAFARI Seat Covers | Custom Fit Luxury | Autoform India","Transform your TATA SAFARI interior with Autoform's premium custom-fit seat covers. Engineered for comfort, durability, and a flawless luxury fit.","tata-safari-seat-covers"
"4W","Seat Covers","TATA","SAFARI 211","Premium TATA SAFARI 211 Seat Covers | Custom Fit Luxury | Autoform India","Transform your TATA SAFARI 211 interior with Autoform's premium custom-fit seat covers. Engineered for comfort, durability, and a flawless luxury fit.","tata-safari-211-seat-covers"
"4W","Seat Covers","TATA","TATA","Premium TATA TATA Seat Covers | Custom Fit Luxury | Autoform India","Transform your TATA TATA interior with Autoform's premium custom-fit seat covers. Engineered for comfort, durability, and a flawless luxury fit.","tata-tata-seat-covers"
"4W","Seat Covers","TATA","Tiago","Premium TATA Tiago Seat Covers | Custom Fit Luxury | Autoform India","Transform your TATA Tiago interior with Autoform's premium custom-fit seat covers. Engineered for comfort, durability, and a flawless luxury fit.","tata-tiago-seat-covers"
"4W","Seat Covers","TATA","TIAGO-1","Premium TATA TIAGO-1 Seat Covers | Custom Fit Luxury | Autoform India","Transform your TATA TIAGO-1 interior with Autoform's premium custom-fit seat covers. Engineered for comfort, durability, and a flawless luxury fit.","tata-tiago-1-seat-covers"
"4W","Seat Covers","TATA","Tigor","Premium TATA Tigor Seat Covers | Custom Fit Luxury | Autoform India","Transform your TATA Tigor interior with Autoform's premium custom-fit seat covers. Engineered for comfort, durability, and a flawless luxury fit.","tata-tigor-seat-covers"
"4W","Seat Covers","TATA","TIGOR211","Premium TATA TIGOR211 Seat Covers | Custom Fit Luxury | Autoform India","Transform your TATA TIGOR211 interior with Autoform's premium custom-fit seat covers. Engineered for comfort, durability, and a flawless luxury fit.","tata-tigor211-seat-covers"
"4W","Seat Covers","TATA","Zest","Premium TATA Zest Seat Covers | Custom Fit Luxury | Autoform India","Transform your TATA Zest interior with Autoform's premium custom-fit seat covers. Engineered for comfort, durability, and a flawless luxury fit.","tata-zest-seat-covers"
"4W","Seat Covers","Toyota","Altis","Premium Toyota Altis Seat Covers | Custom Fit Luxury | Autoform India","Transform your Toyota Altis interior with Autoform's premium custom-fit seat covers. Engineered for comfort, durability, and a flawless luxury fit.","toyota-altis-seat-covers"
"4W","Seat Covers","Toyota","Camry","Premium Toyota Camry Seat Covers | Custom Fit Luxury | Autoform India","Transform your Toyota Camry interior with Autoform's premium custom-fit seat covers. Engineered for comfort, durability, and a flawless luxury fit.","toyota-camry-seat-covers"
"4W","Seat Covers","Toyota","COROLA","Premium Toyota COROLA Seat Covers | Custom Fit Luxury | Autoform India","Transform your Toyota COROLA interior with Autoform's premium custom-fit seat covers. Engineered for comfort, durability, and a flawless luxury fit.","toyota-corola-seat-covers"
"4W","Seat Covers","Toyota","Etios","Premium Toyota Etios Seat Covers | Custom Fit Luxury | Autoform India","Transform your Toyota Etios interior with Autoform's premium custom-fit seat covers. Engineered for comfort, durability, and a flawless luxury fit.","toyota-etios-seat-covers"
"4W","Seat Covers","Toyota","FORTUNER","Premium Toyota FORTUNER Seat Covers | Custom Fit Luxury | Autoform India","Transform your Toyota FORTUNER interior with Autoform's premium custom-fit seat covers. Engineered for comfort, durability, and a flawless luxury fit.","toyota-fortuner-seat-covers"
"4W","Seat Covers","Toyota","Glanza","Premium Toyota Glanza Seat Covers | Custom Fit Luxury | Autoform India","Transform your Toyota Glanza interior with Autoform's premium custom-fit seat covers. Engineered for comfort, durability, and a flawless luxury fit.","toyota-glanza-seat-covers"
"4W","Seat Covers","Toyota","Glanza 23","Premium Toyota Glanza 23 Seat Covers | Custom Fit Luxury | Autoform India","Transform your Toyota Glanza 23 interior with Autoform's premium custom-fit seat covers. Engineered for comfort, durability, and a flawless luxury fit.","toyota-glanza-23-seat-covers"
"4W","Seat Covers","Toyota","HILUX","Premium Toyota HILUX Seat Covers | Custom Fit Luxury | Autoform India","Transform your Toyota HILUX interior with Autoform's premium custom-fit seat covers. Engineered for comfort, durability, and a flawless luxury fit.","toyota-hilux-seat-covers"
"4W","Seat Covers","Toyota","HYCROSS","Premium Toyota HYCROSS Seat Covers | Custom Fit Luxury | Autoform India","Transform your Toyota HYCROSS interior with Autoform's premium custom-fit seat covers. Engineered for comfort, durability, and a flawless luxury fit.","toyota-hycross-seat-covers"
"4W","Seat Covers","Toyota","HYRYDER","Premium Toyota HYRYDER Seat Covers | Custom Fit Luxury | Autoform India","Transform your Toyota HYRYDER interior with Autoform's premium custom-fit seat covers. Engineered for comfort, durability, and a flawless luxury fit.","toyota-hyryder-seat-covers"
"4W","Seat Covers","Toyota","Innova","Premium Toyota Innova Seat Covers | Custom Fit Luxury | Autoform India","Transform your Toyota Innova interior with Autoform's premium custom-fit seat covers. Engineered for comfort, durability, and a flawless luxury fit.","toyota-innova-seat-covers"
"4W","Seat Covers","Toyota","Innova Crysta","Premium Toyota Innova Crysta Seat Covers | Custom Fit Luxury | Autoform India","Transform your Toyota Innova Crysta interior with Autoform's premium custom-fit seat covers. Engineered for comfort, durability, and a flawless luxury fit.","toyota-innova-crysta-seat-covers"
"4W","Seat Covers","Toyota","LAND CRUSER ZX","Premium Toyota LAND CRUSER ZX Seat Covers | Custom Fit Luxury | Autoform India","Transform your Toyota LAND CRUSER ZX interior with Autoform's premium custom-fit seat covers. Engineered for comfort, durability, and a flawless luxury fit.","toyota-land-cruser-zx-seat-covers"
"4W","Seat Covers","Toyota","LIVA","Premium Toyota LIVA Seat Covers | Custom Fit Luxury | Autoform India","Transform your Toyota LIVA interior with Autoform's premium custom-fit seat covers. Engineered for comfort, durability, and a flawless luxury fit.","toyota-liva-seat-covers"
"4W","Seat Covers","Toyota","RUMION","Premium Toyota RUMION Seat Covers | Custom Fit Luxury | Autoform India","Transform your Toyota RUMION interior with Autoform's premium custom-fit seat covers. Engineered for comfort, durability, and a flawless luxury fit.","toyota-rumion-seat-covers"
"4W","Seat Covers","Toyota","Toyota","Premium Toyota Toyota Seat Covers | Custom Fit Luxury | Autoform India","Transform your Toyota Toyota interior with Autoform's premium custom-fit seat covers. Engineered for comfort, durability, and a flawless luxury fit.","toyota-toyota-seat-covers"
"4W","Seat Covers","Toyota","URBAN CRUISER","Premium Toyota URBAN CRUISER Seat Covers | Custom Fit Luxury | Autoform India","Transform your Toyota URBAN CRUISER interior with Autoform's premium custom-fit seat covers. Engineered for comfort, durability, and a flawless luxury fit.","toyota-urban-cruiser-seat-covers"
"4W","Seat Covers","Toyota","VELFIRE","Premium Toyota VELFIRE Seat Covers | Custom Fit Luxury | Autoform India","Transform your Toyota VELFIRE interior with Autoform's premium custom-fit seat covers. Engineered for comfort, durability, and a flawless luxury fit.","toyota-velfire-seat-covers"
"4W","Seat Covers","Toyota","Yaris","Premium Toyota Yaris Seat Covers | Custom Fit Luxury | Autoform India","Transform your Toyota Yaris interior with Autoform's premium custom-fit seat covers. Engineered for comfort, durability, and a flawless luxury fit.","toyota-yaris-seat-covers"
"4W","Seat Covers","Universal","Universal","Premium Universal Universal Seat Covers | Custom Fit Luxury | Autoform India","Transform your Universal Universal interior with Autoform's premium custom-fit seat covers. Engineered for comfort, durability, and a flawless luxury fit.","universal-universal-seat-covers"
"4W","Seat Covers","VW","Polo","Premium VW Polo Seat Covers | Custom Fit Luxury | Autoform India","Transform your VW Polo interior with Autoform's premium custom-fit seat covers. Engineered for comfort, durability, and a flawless luxury fit.","vw-polo-seat-covers"
"4W","Seat Covers","VW","TAIGUN","Premium VW TAIGUN Seat Covers | Custom Fit Luxury | Autoform India","Transform your VW TAIGUN interior with Autoform's premium custom-fit seat covers. Engineered for comfort, durability, and a flawless luxury fit.","vw-taigun-seat-covers"
"4W","Seat Covers","VW","VIRTUS","Premium VW VIRTUS Seat Covers | Custom Fit Luxury | Autoform India","Transform your VW VIRTUS interior with Autoform's premium custom-fit seat covers. Engineered for comfort, durability, and a flawless luxury fit.","vw-virtus-seat-covers"
"4W","Seat Covers","VW","VW","Premium VW VW Seat Covers | Custom Fit Luxury | Autoform India","Transform your VW VW interior with Autoform's premium custom-fit seat covers. Engineered for comfort, durability, and a flawless luxury fit.","vw-vw-seat-covers"